,商品名称,商品图片,商品价格,商品成交量,商品生产地,店铺名称
0,特利迦奥特曼变身器卡片神光棒闪耀之刃圆环之臂儿童玩具密钥人偶,https://g-search3.alicdn.com/img/bao/uploaded/i4/i1/841776945/O1CN01JCodfp21ArR7FVFGw_!!841776945.jpg_580x580Q90.jpg_.webp,24.80,3000+人付款,广东 潮州,tb_9563782
1,儿童奥特曼玩具超大号泰罗赛文初代变形超人男孩正版组合套装模型,https://g-search3.alicdn.com/img/bao/uploaded/i4/i1/2211569629559/O1CN013UEpWi2KU4i0RZKNW_!!0-item_pic.jpg_580x580Q90.jpg_.webp,49.00,2000+人付款,广东 汕头,倍正旗舰店
2,正版奥特曼卡片二2两周年纪念礼盒版XR独战GP红金卡满星sρ三周年,https://g-search1.alicdn.com/img/bao/uploaded/i4/i4/860930169/O1CN01DTIH871D7Rg5z6jRp_!!860930169.jpg_580x580Q90.jpg_.webp,179.90,800+人付款,广东 广州,tb5272165_2012
3,正版 万代特利迦奥特曼多关节可动人偶强力空中复合形态模型玩具,https://g-search3.alicdn.com/img/bao/uploaded/i4/i3/2944664768/O1CN0166tcfM1l5n8trNZDJ_!!0-item_pic.jpg_580x580Q90.jpg_.webp,108.00,62人付款,北京,威游旗舰店
4,SHF光辉赛罗奥特曼闪耀形态儿童男孩关节可动玩具人偶手办模型礼,https://g-search1.alicdn.com/img/bao/uploaded/i4/i4/1102138592/O1CN01PZb1pc2DLBkZWtUF7_!!1102138592.jpg_580x580Q90.jpg_.webp,55.00,1000+人付款,广东 广州,顾文婕520
5,正版卡游奥特曼卡片阳焰版XR满星卡牌收藏卡册六一儿童节礼物礼盒,https://g-search3.alicdn.com/img/bao/uploaded/i4/i1/2200797907649/O1CN01eZtlcm26NICG2rx81_!!0-item_pic.jpg_580x580Q90.jpg_.webp,199.90,4000+人付款,江苏 盐城,艺桥母婴专营店
6,卡游 奥特曼卡片三周年纪念礼盒正版3特利迦XR卡牌全套3D收藏卡册,https://g-search3.alicdn.com/img/bao/uploaded/i4/i3/1030684261/O1CN01N0PuDJ1hLaOavXUFp_!!0-item_pic.jpg_580x580Q90.jpg_.webp,358.00,3000+人付款,浙江 金华,卡游旗舰店
7,正版卡游奥特曼卡片卡册全套奥特卡牌收集册收藏册卡包卡套玩具,https://g-search3.alicdn.com/img/bao/uploaded/i4/i3/916148540/O1CN016LKJRp2CxN9s3ZEQt_!!0-item_pic.jpg_580x580Q90.jpg_.webp,19.90,1万+人付款,浙江 杭州,知叶玩具专营店
8,正版卡游奥特曼卡片荣耀版第15弹一整盒奥特卡牌SHR10元包全套,https://g-search2.alicdn.com/img/bao/uploaded/i4/i2/916148540/O1CN01Ti4Ulf2CxN9K5QPHl_!!0-item_pic.jpg_580x580Q90.jpg_.webp,179.90,1000+人付款,浙江 杭州,知叶玩具专营店
9,正版卡游奥特曼卡片2022新年限定版六一儿童限量春节礼盒全套卡牌,https://g-search1.alicdn.com/img/bao/uploaded/i4/i4/2403888568/O1CN01h3LvAM2DACE8BKy3D_!!0-item_pic.jpg_580x580Q90.jpg_.webp,964.90,200+人付款,江苏 徐州,佳鸣玩具专营
10,灵动创想正版大号迪迦奥特曼玩具软胶指尖家庭扭蛋机公仔英雄盲盒,https://g-search2.alicdn.com/img/bao/uploaded/i4/i4/1049937577/O1CN010SfRR025qJiIXHy4C_!!0-item_pic.jpg_580x580Q90.jpg_.webp,99.00,900+人付款,广东 广州,灵动创想旗舰店
11,六一奥特曼衣服男童夏季t恤服装儿童短袖套装赛罗泽塔迪迦奥特曼,https://g-search3.alicdn.com/img/bao/uploaded/i4/i3/2269296200/O1CN01NwH4g11vfeMqJm9PZ_!!0-item_pic.jpg_580x580Q90.jpg_.webp,174.00,1000+人付款,江苏 盐城,通德玩具专营店
12,赛罗特利迦奥特曼玩具迪迦奥特曼泽塔捷德欧布男孩声光可动人偶,https://g.alicdn.com/s.gif,79.00,2000+人付款,江苏 盐城,通德玩具专营店
13,卡游 奥特曼的卡片阳焰版礼盒泽塔XR满星GP卡正版LGR卡牌收藏卡册,https://g.alicdn.com/s.gif,238.00,1000+人付款,浙江 金华,卡游旗舰店
14,奥特曼武器玩具欧布圣剑特利迦赛罗发声光儿童宝剑男孩迪迦变身器,https://g.alicdn.com/s.gif,69.00,2000+人付款,广东 广州,灵动创想旗舰店
15,奥特曼平板电脑点读机早教机男孩生日六一节礼物卡片迪迦儿童玩具,https://g.alicdn.com/s.gif,199.00,700+人付款,江苏 盐城,赵玉全母婴专营店
16,奥特曼纪念币宇宙英雄55周年荣耀勋章礼盒版金属奖牌儿童玩具礼物,https://g.alicdn.com/s.gif,59.00,3000+人付款,浙江 金华,卡漫趣旗舰店
17,超大号泰罗奥特曼玩具正版儿童男孩超人特大手办人偶套装生日礼物,https://g.alicdn.com/s.gif,128.00,1000+人付款,浙江 温州,酷爱玩具专营店
18,奥特曼卡片三3周年纪念版礼盒特利迦XR卡包sp卡豪华生日礼物卡牌,https://g.alicdn.com/s.gif,238.00,600+人付款,广东 广州,依思贝杰
19,特大号泰罗奥特曼玩具男孩模型公仔超人变形手办套装儿童生日礼物,https://g.alicdn.com/s.gif,128.00,900+人付款,广东 汕头,智宸祺玩具专营店
20,迪迦赛罗泽塔欧布奥特曼盲盒公仔摆件变身器可动人偶模型男孩玩具,https://g.alicdn.com/s.gif,68.00,58人付款,北京,威游旗舰店
21,奥特曼幼儿园书包男童迪迦1-3-6周岁赛罗儿童小班发光超人双肩包,https://g.alicdn.com/s.gif,128.00,900+人付款,广东 广州,威欣娅
22,模玩熊 万代 SHF 真骨雕迪迦奥特曼强力型力量形态 光之巨人 现货,https://g.alicdn.com/s.gif,558.00,800+人付款,福建 福州,恨_惆怅
23,儿童泽塔奥特曼服装夏天捷德迪迦赛罗衣服套装男孩衣服万圣节短袖,https://g.alicdn.com/s.gif,98.00,1000+人付款,广东 汕头,笨木头2012
24,奥特曼儿童书包男幼儿园小学生一年级二赛罗男童男孩背包男生超人,https://g.alicdn.com/s.gif,98.00,1000+人付款,广东 东莞,连洋母婴专营店
25,卡游奥特曼荣耀勋章55周年纪念版稀有SP卡赛罗纪念币徽章盲盒全套,https://g.alicdn.com/s.gif,35.00,2000+人付款,江苏 无锡,倩倩小淘577
26,卡游现货阳炎阳焰版B款A款稀有TZR卡TNR/XR红GP奥特曼卡片ab礼盒,https://g.alicdn.com/s.gif,148.00,800+人付款,广东 广州,童乐880
27,泰罗奥特曼儿童书包幼儿园书包一年级2-3-6岁男童书包儿童背包,https://g.alicdn.com/s.gif,136.00,900+人付款,广东 广州,中国湘d
28,卡游奥特曼卡片荣耀版1盒144张概率3D卡ZR满星卡牌满星儿童节礼物,https://g.alicdn.com/s.gif,179.90,400+人付款,上海,天猫超市
29,特利迦奥特曼变身器黑暗迪迦胜利神光棒秘钥玩具六一生日礼物礼盒,https://g.alicdn.com/s.gif,102.90,1000+人付款,广东 汕头,小泥巴母婴
30,灵动创想正版大号迪迦奥特曼玩具软胶指尖家庭扭蛋机英雄儿童礼物,https://g.alicdn.com/s.gif,498.00,300+人付款,上海,天猫超市
31,万代奥特经典梦比优斯奥特曼护腕变身器希卡利骑士护腕高斯套装,https://g.alicdn.com/s.gif,119.00,800+人付款,浙江 杭州,诚挚童趣梦工厂
32,奥特曼玩具电子手表儿童卡通手表投影仪蜘蛛侠男女孩幼儿园发光表,https://g.alicdn.com/s.gif,11.50,6000+人付款,广东 汕头,stylecindy
33,正版奥特曼卡片2022新年限定礼盒装XR令迦SP55周年纪念版虎年卡游,https://g.alicdn.com/s.gif,680.00,200+人付款,江苏 盐城,赤宝母婴专营店
34,夏季儿童迪迦赛罗欧布奥特曼衣服短袖t恤男童套装COS表演服面具薄,https://g.alicdn.com/s.gif,45.00,2000+人付款,广东 广州,甘蔗店铺
35,正版迪迦奥特曼玩具儿童男童手办软胶玩偶泽塔捷德小男孩生日礼物,https://g.alicdn.com/s.gif,59.00,800+人付款,广东 广州,kufire旗舰店
36,万代超可动系列特利迦奥特曼关节可动黑暗闪耀复合空中型人偶玩具,https://g-search2.alicdn.com/img/bao/uploaded/i4/i3/2114218378/O1CN01YteCxR2BlAyy6Qeq4_!!2114218378.jpg_580x580Q90.jpg_.webp,85.00,1000+人付款,浙江 金华,落105214
37,奥特曼卡册收藏册硬面烫金豪华版大容量德尔塔天爪九宫格收集册子,https://g-search1.alicdn.com/img/bao/uploaded/i4/i4/2213228840719/O1CN015hyFEA1HBLVuBZSlM_!!2213228840719.jpg_580x580Q90.jpg_.webp,14.80,3000+人付款,广东 广州,tb282519196
38,正版奥特曼玩具模型手办关节超可动人偶变形超人赛文套装男孩机动,https://g-search3.alicdn.com/img/bao/uploaded/i4/i3/2944664768/O1CN01XyHLNp1l5n6sHbPtv_!!0-item_pic.jpg_580x580Q90.jpg_.webp,58.00,23人付款,北京,威游旗舰店
39,儿童六一节钢铁飞龙奥特曼玩具男孩生日礼物魔方男童4大号6岁以上,https://g-search1.alicdn.com/img/bao/uploaded/i4/i4/2200775569164/O1CN013GuPvo2HZAHqKHvNR_!!0-item_pic.jpg_580x580Q90.jpg_.webp,48.00,2000+人付款,广东 汕头,艺晟玩具专营店
40,【豪华礼盒】正版奥特曼玩具软胶人偶公仔套装男孩儿童生日礼物,https://g-search1.alicdn.com/img/bao/uploaded/i4/i1/3243693492/O1CN01PJElBx1bfNmq7UyX0_!!0-item_pic.jpg_580x580Q90.jpg_.webp,139.00,700+人付款,江苏 无锡,卡动乐玩具专营店
41,儿童节奥特曼衣服男童赛罗迪加捷德衣服连体套装服装迪迦真人版,https://g-search3.alicdn.com/img/bao/uploaded/i4/i2/4278736159/O1CN010vcq3L1vMs84OWslV_!!4278736159.jpg_580x580Q90.jpg_.webp,45.00,2000+人付款,广东 广州,tb2018131415
42,日版 万代 SHF 真骨雕 奥特曼迪迦 强力型 力量型态 补款,https://g-search1.alicdn.com/img/bao/uploaded/i4/i3/2200623874141/O1CN01YaXK7w1gScrofgxyw_!!2200623874141.jpg_580x580Q90.jpg_.webp,560.00,1000+人付款,广东 广州,英格伦正品
43,正版SHF特利迦奥特曼复合型儿童男孩超可动玩具人偶手办礼物模型,https://g-search1.alicdn.com/img/bao/uploaded/i4/i4/2211603903919/O1CN010RJl8K1eowwRUUQT4_!!2211603903919.jpg_580x580Q90.jpg_.webp,49.90,2000+人付款,广东 广州,tb097853026
